Workbook

Sheet TL1
N1: ='[1]Produção 2026'!$R$35 -> 429200 | O1: =N4+'TL2'!N4 -> 427818.27 | Q1: =N1-O1 -> 1381.73
A2: TL1 V2 2026 | B2: BUD_V2 | C2: BUD_V2 | D2: BUD_V2 | E2: BUD_V2 | F2: BUD_V2 | G2: BUD_V2 | H2: BUD_V2 | I2: BUD_V2 | J2: BUD_V2 | K2: BUD_V2 | L2: BUD_V2 | M2: BUD_V2 | N2: BUD_V2 | P2: vp | R2: BUD_V2 vs MRF10 | T2: Obs
B3: JAN | C3: FEV | D3: MAR | E3: ABR | F3: MAI | G3: JUN | H3: JUL | I3: AGO | J3: SET | K3: OUT | L3: NOV | M3: DEZ | N3: FY | P3: FY
A4: Produção (t) | B4: 17118.27 | C4: ='[4]Produção 2026'!F37-[5]TL2!C4 -> 20400 | D4: ='[4]Produção 2026'!G37-[5]TL2!D4 -> 23000 | E4: ='[4]Produção 2026'!H37-[5]TL2!E4 -> 21800 | F4: ='[4]Produção 2026'!I37-[5]TL2!F4 -> 22300 | G4: ='[4]Produção 2026'!J37-[5]TL2!G4 -> 11200 | H4: ='[4]Produção 2026'!K37-[5]TL2!H4 -> 11400 | I4: ='[4]Produção 2026'!L37-[5]TL2!I4 -> 22500 | J4: ='[4]Produção 2026'!M37-[5]TL2!J4 -> 21500 | ... M4: ='[4]Produção 2026'!P37-[5]TL2!M4 -> 22000 | N4: =SUM(B4:M4) -> 236518.27 | P4: 237900 | R4: =N4-P4 -> -1381.73
A5: Rendimento (%) | B5: 96.314533 | C5: 96.3 | D5: 96.34 | E5: 96.34 | F5: 96.34 | G5: 96.34 | H5: 96.34 | I5: 96.34 | J5: 96.34 | K5: 96.41 | L5: 96.42 | M5: 96.42 | N5: =SUMPRODUCT($B$4:$M$4,B5:M5)/$N$4 -> 96.355864 | P5: 96.36 | R5: =N5-P5 -> -0.0041362965 | T5: Mudança no Mix - Redução de 47% de material pesado do TL1 em função da partida do TL2. Redução no volume anual de 237.900 para 216.320
A6: Energia Eletrica (kWh/t) | B6: 80.762133 | C6: 75 | D6: 75 | E6: 75 | F6: 75 | G6: 75 | H6: 75 | I6: 75 | J6: 75 | K6: 75 | L6: 73 | M6: 72 | N6: =SUMPRODUCT($B$4:$M$4,B6:M6)/$N$4 -> 74.95788 | P6: 75 | R6: =N6-P6 -> -0.042120425
A7: Gás Natural (m³/t) | B7: 45.395827 | C7: 41.95 | D7: 41.83 | E7: 42.08 | F7: 41.83 | G7: 41.5 | H7: 42.43 | I7: 41 | J7: 40 | K7: 39 | L7: 38 | M7: 38 | N7: =SUMPRODUCT($B$4:$M$4,B7:M7)/$N$4 -> 40.925054 | P7: 41 | R7: =N7-P7 -> -0.074945814
A8: RETL (kg/t) | B8: -35.944637 | C8: -34.53 | D8: -34 | E8: -34.53 | F8: -34.53 | G8: -34.53 | H8: -34.53 | I8: -34.53 | J8: -34.53 | K8: -34.53 | L8: -34.53 | M8: -34.53 | N8: =SUMPRODUCT($B$4:$M$4,B8:M8)/$N$4 -> -34.580847 | P8: -34.53 | R8: =N8-P8 -> -0.050846545
B10: =B4/B5% -> 17773.299 | C10: =C4/C5% -> 21183.801 | D10: =D4/D5% -> 23873.78 | E10: =E4/E5% -> 22628.192 | F10: =F4/F5% -> 23147.187 | G10: =G4/G5% -> 11625.493 | H10: =H4/H5% -> 11833.091 | I10: =I4/I5% -> 23354.785 | ... N10: =N4/N5% -> 245463.29 | O10: =P4/P5% -> 246886.67
B11: =B8*B4/1000 -> -615.31 | C11: =C8*C4/1000 -> -704.412 | D11: =D8*D4/1000 -> -782 | E11: =E8*E4/1000 -> -752.754 | F11: =F8*F4/1000 -> -770.019 | G11: =G8*G4/1000 -> -386.736 | H11: =H8*H4/1000 -> -393.642 | I11: =I8*I4/1000 -> -776.925 | ... N11: =N8*N4/1000 -> -8179.002 | O11: =P8*P4/1000 -> -8214.687
B12: =B10-B4+B11 -> 39.719 | C12: =C10-C4+C11 -> 79.388623 | D12: =D10-D4+D11 -> 91.780361 | E12: =E10-E4+E11 -> 75.437821 | F12: =F10-F4+F11 -> 77.168046 | G12: =G10-G4+G11 -> 38.757045 | H12: =H10-H4+H11 -> 39.449136 | I12: =I10-I4+I11 -> 77.860136 | ... N12: =N10-N4+N11 -> 766.01473 | O12: =O10-P4+O11 -> 771.98797
A13: Perda ao fogo | B13: =B12/B10 -> 0.0022347568 | C13: =C12/C10 -> 0.00374761 | D13: =D12/D10 -> 0.0038444 | E13: =E12/E10 -> 0.003333798 | F13: =F12/F10 -> 0.003333798 | G13: =G12/G10 -> 0.003333798 | H13: =H12/H10 -> 0.003333798 | I13: =I12/I10 -> 0.003333798 | ... O13: =O12/O10 -> 0.003126892
A14: Valor para referência
A15: MRF10'25 | B15: Real | C15: =B15 -> Real | D15: =C15 -> Real | E15: =D15 -> Real | F15: =E15 -> Real | G15: =F15 -> Real | H15: =G15 -> Real | I15: =H15 -> Real | J15: =I15 -> Real | K15: MRF10 | L15: =K15 -> MRF10 | M15: =L15 -> MRF10 | N15: MRF10
B16: JAN | C16: FEV | D16: MAR | E16: ABR | F16: MAI | G16: JUN | H16: JUL | I16: AGO | J16: SET | K16: OUT | L16: NOV | M16: DEZ
A17: Produção (t) | B17: 22175.733 | C17: 19597.196 | D17: 27235.625 | E17: 22033.072 | F17: 23736.183 | G17: 21968.301 | H17: 22899.011 | I17: 23519.839 | J17: 21228.153 | K17: 22650 | L17: 21719 | M17: 18910 | N17: =SUM(B17:M17) -> 267672.11
A18: Rendimento (%) | B18: 96.514554 | C18: 96.280567 | D18: 96.351928 | E18: 96.314678 | F18: 96.317074 | G18: 96.272815 | H18: 96.360642 | I18: 96.329319 | J18: 96.349743 | K18: 96.31 | L18: 96.31 | M18: 96.33 | N18: =SUMPRODUCT($B$17:$M$17,B18:M18)/$N$17 -> 96.337613
A19: Energia Eletrica (kWh/t) | B19: 77.066088 | C19: 72.273401 | D19: 66.540439 | E19: 68.915583 | F19: 71.737872 | G19: 70.965708 | H19: 77.430637 | I19: 68.816112 | J19: 72.459483 | K19: 71.5 | L19: 70.4 | M19: 70.4 | N19: =SUMPRODUCT($B$17:$M$17,B19:M19)/$N$17 -> 71.458289
A20: Gás Natural (m³/t) | B20: 40.838214 | C20: 40.781515 | D20: 38.333847 | E20: 40.385399 | F20: 39.35526 | G20: 40.622727 | H20: 42.377917 | I20: 39.737123 | J20: 41.337044 | K20: 40.5 | L20: 40 | M20: 39 | N20: =SUMPRODUCT($B$17:$M$17,B20:M20)/$N$17 -> 40.240817
A21: RETL (kg/t) | B21: -33.825263 | C21: -35.482627 | D21: -31.899694 | E21: -33.597675 | F21: -33.342625 | G21: -34.774889 | H21: -35.719883 | I21: -36.657564 | J21: -35.600836 | K21: -34.4 | L21: -34.4 | M21: -35.5 | N21: =SUMPRODUCT($B$17:$M$17,B21:M21)/$N$17 -> -34.53243
A23: Valor para referência
A24: TL1 V1.1 | B24: BUD_V1.2 | C24: BUD_V1.2 | D24: BUD_V1.2 | E24: BUD_V1.2 | F24: BUD_V1.2 | G24: BUD_V1.2 | H24: BUD_V1.2 | I24: BUD_V1.2 | J24: BUD_V1.2 | K24: BUD_V1.2 | L24: BUD_V1.2 | M24: BUD_V1.2 | N24: BUD_V1.2
B25: JAN | C25: FEV | D25: MAR | E25: ABR | F25: MAI | G25: JUN | H25: JUL | I25: AGO | J25: SET | K25: OUT | L25: NOV | M25: DEZ | N25: FY
A26: Produção (t) | B26: 22000 | C26: 19900 | D26: 22000 | E26: 21300 | F26: 22000 | G26: 10700 | H26: 11400 | I26: 22000 | J26: 21300 | K26: 22000 | L26: 21300 | M26: 22000 | N26: =SUM(B26:M26) -> 237900
A27: Rendimento (%) | B27: 96.3 | C27: 96.3 | D27: 96.34 | E27: 96.34 | F27: 96.34 | G27: 96.34 | H27: 96.34 | I27: 96.34 | J27: 96.34 | K27: 96.34 | L27: 96.38 | M27: 96.38 | N27: =SUMPRODUCT($B$26:$M$26,B27:M27)/$N$26 -> 96.340235
A28: Energia Eletrica (kWh/t) | B28: 75.19 | C28: 75.24 | D28: 75.19 | E28: 75.71 | F28: 75.19 | G28: 73.44 | H28: 78.42 | I28: 75.19 | J28: 75.79 | K28: 75.19 | L28: 75.19 | M28: 75.19 | N28: =SUMPRODUCT($B$26:$M$26,B28:M28)/$N$26 -> 75.37053
A29: Gás Natural (m³/t) | B29: 41.83 | C29: 41.95 | D29: 41.83 | E29: 42.08 | F29: 41.83 | G29: 41.5 | H29: 42.43 | I29: 41.83 | J29: 41.83 | K29: 41.83 | L29: 42.3 | M29: 41.83 | N29: =SUMPRODUCT($B$26:$M$26,B29:M29)/$N$26 -> 41.918411
A30: RETL (kg/t) | B30: -34.2 | C30: -34.4 | D30: -34.2 | E30: -34.4 | F30: -34.3 | G30: -35.7 | H30: -34.4 | I30: -34.4 | J30: -34.4 | K30: -34.4 | L30: -34.4 | M30: -35.7 | N30: =SUMPRODUCT($B$26:$M$26,B30:M30)/$N$26 -> -34.532451

Sheet Planilha1
A1: TL1 V2 2026 | B1: BUD_V2 | C1: BUD_V2 | D1: BUD_V2 | E1: BUD_V2 | F1: BUD_V2 | G1: BUD_V2 | H1: BUD_V2 | I1: BUD_V2 | J1: BUD_V2 | K1: BUD_V2 | L1: BUD_V2 | M1: BUD_V2 | N1: BUD_V2
B2: JAN | C2: FEV | D2: MAR | E2: ABR | F2: MAI | G2: JUN | H2: JUL | I2: AGO | J2: SET | K2: OUT | L2: NOV | M2: DEZ | N2: FY
A3: Produção (t) | B3: 22000 | C3: 19900 | D3: 22000 | E3: 21300 | F3: 22000 | G3: 10700 | H3: 11400 | I3: 22000 | J3: 21300 | K3: 22000 | L3: 21300 | M3: 22000 | N3: 237900
A4: Rendimento (%) | B4: 96.3 | C4: 96.3 | D4: 96.34 | E4: 96.34 | F4: 96.34 | G4: 96.34 | H4: 96.34 | I4: 96.34 | J4: 96.34 | K4: 96.34 | L4: 96.38 | M4: 96.38 | N4: 96.340235
A5: Energia Eletrica (kWh/t) | B5: 75.19 | C5: 75.24 | D5: 75.19 | E5: 75.71 | F5: 75.19 | G5: 73.44 | H5: 78.42 | I5: 75.19 | J5: 80.77 | K5: 78.08 | L5: 80.77 | M5: 75.19 | N5: 76.583258
A6: Gás Natural (m³/t) | B6: 41.83 | C6: 41.95 | D6: 41.83 | E6: 42.08 | F6: 41.83 | G6: 41.5 | H6: 42.43 | I6: 41.83 | J6: 43.62 | K6: 43.03 | L6: 43.62 | M6: 41.83 | N6: 42.307831
A7: RETL (kg/t) | B7: -34.2 | C7: -34.4 | D7: -34.2 | E7: -34.4 | F7: -34.3 | G7: -35.7 | H7: -34.4 | I7: -34.4 | J7: -34.4 | K7: -34.4 | L7: -34.4 | M7: -35.7 | N7: -34.532451

Sheet TL2
O1: =N4+'TL2'!N4 -> 382600
A2: TL2 V2 2026 | B2: BUD_V2 | C2: BUD_V2 | D2: BUD_V2 | E2: BUD_V2 | F2: BUD_V2 | G2: BUD_V2 | H2: BUD_V2 | I2: BUD_V2 | J2: BUD_V2 | K2: BUD_V2 | L2: BUD_V2 | M2: BUD_V2 | N2: BUD_V2 | P2: MRF10 | R2: BUD_V1 vs MRF10 | T2: Obs
B3: JAN | C3: FEV | D3: MAR | E3: ABR | F3: MAI | G3: JUN | H3: JUL | I3: AGO | J3: SET | K3: OUT | L3: NOV | M3: DEZ | N3: FY | P3: FY
A4: Produção (t) | B4: =[2]Produções!C88 -> 10705 | C4: =[2]Produções!D88 -> 9616 | D4: =[2]Produções!E88 -> 10705 | E4: =[2]Produções!F88 -> 10342 | F4: =[2]Produções!G88 -> 10705 | G4: =[2]Produções!H88 -> 17237 | H4: =[2]Produções!I88 -> 17842 | I4: =[2]Produções!J88 -> 17842 | ... M4: =[2]Produções!N88 -> 13064 | N4: =SUM(B4:M4) -> 191300 | P4: =[3]TL2!$N4 -> 15010 | R4: =N4-P4 -> 176290
A5: Rendimento (%) | B5: 94.8 | C5: 94.8 | D5: 94.8 | E5: 94.8 | F5: 95 | G5: 95 | H5: 95 | I5: 95 | J5: 95.8 | K5: 95.8 | L5: 95.8 | M5: 95.8 | N5: =SUMPRODUCT($B$4:$M$4,B5:M5)/$N$4 -> 95.317675 | P5: =[3]TL2!$N5 -> 93.670886 | R5: =N5-P5 -> 1.6467888
A6: Energia Eletrica (kWh/t) | B6: 95 | C6: 97 | D6: 95 | E6: 96 | F6: 95 | G6: 87 | H6: 86 | I6: 86 | J6: 77 | K6: 75 | L6: 75 | M6: 75 | N6: =SUMPRODUCT($B$4:$M$4,B6:M6)/$N$4 -> 83.98414 | P6: =[3]TL2!$N6 -> 100.0064 | R6: =N6-P6 -> -16.022258
A7: Gás Natural (m³/t) | B7: 48 | C7: 48 | D7: 47 | E7: 47 | F7: 47 | G7: 44 | H7: 44 | I7: 44 | J7: 41 | K7: 41 | L7: 41 | M7: 44 | N7: =SUMPRODUCT($B$4:$M$4,B7:M7)/$N$4 -> 43.77425 | P7: =[3]TL2!$N7 -> 72.418388 | R7: =N7-P7 -> -28.644138
A8: RETL (kg/t) | B8: -39.1 | C8: -39.1 | D8: -39.1 | E8: -39.1 | F8: -36.9 | G8: -36.9 | H8: -36.9 | I8: -36.9 | J8: -30 | K8: -29.8 | L8: -29.8 | M8: -29.8 | N8: =SUMPRODUCT($B$4:$M$4,B8:M8)/$N$4 -> -34.19777 | P8: =[3]TL2!$N8 -> -62.328448 | R8: =N8-P8 -> 28.130678
B10: =B4/B5% -> 11292.194 | C10: =C4/C5% -> 10143.46 | D10: =D4/D5% -> 11292.194 | E10: =E4/E5% -> 10909.283 | F10: =F4/F5% -> 11268.421 | G10: =G4/G5% -> 18144.211 | H10: =H4/H5% -> 18781.053 | I10: =I4/I5% -> 18781.053 | ... N10: =N4/N5% -> 200697.3 | O10: =P4/P5% -> 16024.189 | P10: =P4/P5% -> 16024.189
B11: =B8*B4/1000 -> -418.5655 | C11: =C8*C4/1000 -> -375.9856 | D11: =D8*D4/1000 -> -418.5655 | E11: =E8*E4/1000 -> -404.3722 | F11: =F8*F4/1000 -> -395.0145 | G11: =G8*G4/1000 -> -636.0453 | H11: =H8*H4/1000 -> -658.3698 | I11: =I8*I4/1000 -> -658.3698 | ... N11: =N8*N4/1000 -> -6542.0334 | O11: =P8*P4/1000 -> -935.55 | P11: =P8*P4/1000 -> -935.55
B12: =B10-B4+B11 -> 168.62859 | C12: =C10-C4+C11 -> 151.47432 | D12: =D10-D4+D11 -> 168.62859 | E12: =E10-E4+E11 -> 162.9105 | F12: =F10-F4+F11 -> 168.40655 | G12: =G10-G4+G11 -> 271.16523 | H12: =H10-H4+H11 -> 280.68283 | I12: =I10-I4+I11 -> 280.68283 | ... N12: =N10-N4+N11 -> 2855.2667 | O12: =O10-P4+O11 -> 78.639189 | P12: =P10-P4+P11 -> 78.639189
A13: Perda ao fogo | B13: =B12/B10 -> 0.0149332 | C13: =C12/C10 -> 0.0149332 | D13: =D12/D10 -> 0.0149332 | E13: =E12/E10 -> 0.0149332 | F13: =F12/F10 -> 0.014945 | G13: =G12/G10 -> 0.014945 | H13: =H12/H10 -> 0.014945 | I13: =I12/I10 -> 0.014945 | ... P13: =P12/P10 -> 0.00490753
A15: Valor para referência
A16: MRF10'25 | B16: Real | C16: =B16 -> Real | D16: =C16 -> Real | E16: =D16 -> Real | F16: =E16 -> Real | G16: Real | H16: Real | I16: Real | J16: =I16 -> Real | K16: MRF10 | L16: =K16 -> MRF10 | M16: =L16 -> MRF10 | N16: MRF10
B17: JAN | C17: FEV | D17: MAR | E17: ABR | F17: MAI | G17: JUN | H17: JUL | I17: AGO | J17: SET | K17: OUT | L17: NOV | M17: DEZ
A18: Produção (t) | B18: 1 | C18: 1 | D18: 1 | E18: 1 | F18: 1 | G18: 1 | H18: 1 | I18: 1 | J18: 1 | K18: 1 | L18: 5000 | M18: 10000 | N18: =SUM(B18:M18) -> 15010
A19: Rendimento (%) | B19: 100 | C19: 100 | D19: 100 | E19: 100 | F19: 100 | G19: 100 | H19: 100 | I19: 100 | J19: 100 | K19: 100 | L19: 93 | M19: 94 | N19: =SUMPRODUCT($B$18:$M$18,B19:M19)/$N$18 -> 93.670886
A20: Energia Eletrica (kWh/t) | I20: 327.1213 | J20: 437.9156 | K20: 331 | L20: 110 | M20: 95 | N20: =SUMPRODUCT($B$18:$M$18,B20:M20)/$N$18 -> 100.0064
A21: Gás Natural (m³/t) | K21: 237000 | L21: 62 | M21: 54 | N21: =SUMPRODUCT($B$18:$M$18,B21:M21)/$N$18 -> 72.418388
A22: RETL (kg/t) | L22: -62.37 | M22: -62.37 | N22: =SUMPRODUCT($B$18:$M$18,B22:M22)/$N$18 -> -62.328448
A24: Valor para referência
A25: TL1 V1.1 | B25: BUD_V1.2 | C25: BUD_V1.2 | D25: BUD_V1.2 | E25: BUD_V1.2 | F25: BUD_V1.2 | G25: BUD_V1.2 | H25: BUD_V1.2 | I25: BUD_V1.2 | J25: BUD_V1.2 | K25: BUD_V1.2 | L25: BUD_V1.2 | M25: BUD_V1.2 | N25: BUD_V1.2
B26: JAN | C26: FEV | D26: MAR | E26: ABR | F26: MAI | G26: JUN | H26: JUL | I26: AGO | J26: SET | K26: OUT | L26: NOV | M26: DEZ | N26: FY
A27: Produção (t) | B27: 10705 | C27: 9616 | D27: 10705 | E27: 10342 | F27: 10705 | G27: 17237 | H27: 17842 | I27: 17842 | J27: 24132 | K27: 24978 | L27: 24132 | M27: 13064 | N27: =SUM(B27:M27) -> 191300
A28: Rendimento (%) | B28: 94.8 | C28: 94.8 | D28: 94.8 | E28: 94.8 | F28: 95 | G28: 95 | H28: 95 | I28: 95 | J28: 95.8 | K28: 95.8 | L28: 95.8 | M28: 95.8 | N28: =SUMPRODUCT($B$4:$M$4,B28:M28)/$N$4 -> 95.317675
A29: Energia Eletrica (kWh/t) | B29: 95 | C29: 97 | D29: 95 | E29: 96 | F29: 95 | G29: 87 | H29: 86 | I29: 86 | J29: 77 | K29: 76 | L29: 77 | M29: 90 | N29: =SUMPRODUCT($B$4:$M$4,B29:M29)/$N$4 -> 85.391364
A30: Gás Natural (m³/t) | B30: 47 | C30: 48 | D30: 47 | E30: 47.4 | F30: 47 | G30: 44.3 | H30: 44.3 | I30: 44.3 | J30: 44 | K30: 44 | L30: 44 | M30: 46 | N30: =SUMPRODUCT($B$4:$M$4,B30:M30)/$N$4 -> 45.108082
A31: RETL (kg/t) | B31: -39.03 | C31: -39.03 | D31: -39.03 | E31: -39.03 | F31: -36.84 | G31: -36.84 | H31: -36.84 | I31: -36.84 | J31: -28.28 | K31: -28.28 | L31: -28.28 | M31: -28.28 | N31: =SUMPRODUCT($B$4:$M$4,B31:M31)/$N$4 -> -33.451691

Sheet Planilha3

Sheet Resumo Produção
C2: BUD_V2 | D2: BUD_V2 | E2: BUD_V2 | F2: BUD_V2 | G2: BUD_V2 | H2: BUD_V2 | I2: BUD_V2 | J2: BUD_V2 | K2: BUD_V2 | L2: BUD_V2 | M2: BUD_V2 | N2: BUD_V2 | O2: BUD'26_V2
C3: JAN | D3: FEV | E3: MAR | F3: ABR | G3: MAI | H3: JUN | I3: JUL | J3: AGO | K3: SET | L3: OUT | M3: NOV | N3: DEZ | O3: FY
B4: TL1 | C4: ='TL1'!B4 -> 17118.27 | D4: ='TL1'!C4 -> 20400 | E4: ='TL1'!D4 -> 23000 | F4: ='TL1'!E4 -> 21800 | G4: ='TL1'!F4 -> 22300 | H4: ='TL1'!G4 -> 11200 | I4: ='TL1'!H4 -> 11400 | J4: ='TL1'!I4 -> 22500 | ... N4: ='TL1'!M4 -> 22000 | O4: =SUM(C4:N4) -> 236518.27
B5: TL2 | C5: ='TL2'!B4 -> 10705 | D5: ='TL2'!C4 -> 9616 | E5: ='TL2'!D4 -> 10705 | F5: ='TL2'!E4 -> 10342 | G5: ='TL2'!F4 -> 10705 | H5: ='TL2'!G4 -> 17237 | I5: ='TL2'!H4 -> 17842 | J5: ='TL2'!I4 -> 17842 | ... N5: ='TL2'!M4 -> 13064 | O5: =SUM(C5:N5) -> 191300
B6: Tolal | C6: =SUM(C4:C5) -> 27823.27 | D6: =SUM(D4:D5) -> 30016 | E6: =SUM(E4:E5) -> 33705 | F6: =SUM(F4:F5) -> 32142 | G6: =SUM(G4:G5) -> 33005 | H6: =SUM(H4:H5) -> 28437 | I6: =SUM(I4:I5) -> 29242 | J6: =SUM(J4:J5) -> 40342 | ... O6: =SUM(O4:O5) -> 427818.27
C9: Plano Produção
C10: JAN | D10: FEV | E10: MAR | F10: ABR | G10: MAI | H10: JUN | I10: JUL | J10: AGO | K10: SET | L10: OUT | M10: NOV | N10: DEZ | O10: FY
B11: TL1 + TL2 | C11: ='[1]Produção 2026'!E35 -> 32705 | D11: ='[1]Produção 2026'!F35 -> 29516 | E11: ='[1]Produção 2026'!G35 -> 32705 | F11: ='[1]Produção 2026'!H35 -> 31642 | G11: ='[1]Produção 2026'!I35 -> 32705 | H11: ='[1]Produção 2026'!J35 -> 27937 | I11: ='[1]Produção 2026'!K35 -> 29242 | J11: ='[1]Produção 2026'!L35 -> 39842 | ... N11: ='[1]Produção 2026'!P35 -> 35064 | O11: =SUM(C11:N11) -> 429200
C12: =C6-C11 -> -4881.73 | D12: =D6-D11 -> 500 | E12: =E6-E11 -> 1000 | F12: =F6-F11 -> 500 | G12: =G6-G11 -> 300 | H12: =H6-H11 -> 500 | I12: =I6-I11 -> 0 | J12: =J6-J11 -> 500 | ... O12: =O6-O11 -> -1381.73

Sheet Planilha2
E3: JAN | F3: FEV | G3: MAR | H3: ABR | I3: MAI | J3: JUN | K3: JUL | L3: AGO | M3: SET | N3: OUT | O3: NOV | P3: DEZ | Q3: 2026
D4: Produção (t) | E4: 22000 | F4: 19900 | G4: 22000 | H4: 21300 | I4: 22000 | J4: 10700 | K4: 11400 | L4: 22000 | M4: 21300 | N4: 22000 | O4: 21300 | P4: 22000 | Q4: =SUM(E4:P4) -> 237900
D5: Índice de Qualidade %
D6: Rendimento (%) | E6: 96.3 | F6: 96.3 | G6: 96.32 | H6: 96.34 | I6: 96.34 | J6: 96.34 | K6: 96.34 | L6: 96.34 | M6: 96.34 | N6: 96.34 | O6: 96.37 | P6: 96.37 | Q6: 96.336566
D7: Rendimento (%) VP | E7: 96.31 | F7: 96.32 | G7: 96.34 | H7: 96.36 | I7: 96.36 | J7: 96.36 | K7: 96.36 | L7: 96.36 | M7: 96.36 | N7: 96.36 | O7: 96.39 | P7: 96.39 | Q7: =SUMPRODUCT(E4:P4,E7:P7)/Q4 -> 96.355641
D8: Energia Eletrica (kWh/t) | E8: 74.8 | F8: 76 | G8: 74.8 | H8: 74.9 | I8: 74.8 | J8: 76 | K8: 81 | L8: 74.8 | M8: 74.9 | N8: 74.8 | O8: 74.9 | P8: 74.8 | Q8: 75.27831
D9: Energia Eletrica (kWh/t) VP | E9: 74.6 | F9: 75.5 | G9: 74.5 | H9: 74.5 | I9: 74.5 | J9: 76 | K9: 81 | L9: 74.5 | M9: 74.5 | N9: 74.5 | O9: 74.5 | P9: 74.8 | Q9: =SUMPRODUCT(E4:P4,E9:P9)/Q4 -> 74.99958
D10: Gás Natural (m³/t) | E10: 42 | F10: 42.5 | G10: 42 | H10: 42.5 | I10: 42 | J10: 42 | K10: 45 | L10: 41.2 | M10: 41.2 | N10: 41.2 | O10: 41.2 | P10: 41.2 | Q10: 41.865153
D11: Gás Natural (m³/t) VP | E11: 41.5 | F11: 41.8 | G11: 41 | H11: 41.7 | I11: 41 | J11: 41 | K11: 44 | L11: 40.5 | M11: 40.5 | N11: 40.5 | O11: 40 | P11: 40 | Q11: =SUMPRODUCT(E4:P4,E11:P11)/Q4 -> 41.000336
D12: BL/BP | E12: 1000 | F12: 1243.75 | G12: 1222.2222 | H12: 1065 | I12: 1222.2222 | J12: 891.66667 | K12: 1140 | L12: 1100 | M12: 1065 | N12: 1100 | O12: 1065 | P12: 1100 | Q12: 1100
D13: Working Ratio VP | E13: 76.41 | F13: 76.41 | G13: 76.41 | H13: 76.41 | I13: 76.41 | J13: 76.41 | K13: 76.41 | L13: 76.41 | M13: 76.41 | N13: 76.41 | O13: 76.41 | P13: 76.41 | Q13: =SUMPRODUCT(E4:P4,E13:P13)/Q4 -> 76.41
D14: Working Ratio | E14: 76.2 | F14: 76.2 | G14: 76.2 | H14: 76.2 | I14: 76.2 | J14: 76.2 | K14: 76.2 | L14: 76.2 | M14: 76.2 | N14: 76.2 | O14: 76.2 | P14: 76.2 | Q14: =SUMPRODUCT(E4:P4,E14:P14)/Q4 -> 76.2
